id,team,severity,category,status,description,summary
297,App Ops,S2,Geo,True,Current Load,Current Load
298,App Ops,S2,Geo,True,check_geo_diskused,check_geo_diskused
299,App Ops,S2,Geo,True,check_geo_heapusage,check_geo_heapusage
300,App Ops,S2,Geo,True,check_geo_latency_95thpercentile,check_geo_latency_95thpercentile
301,App Ops,S2,Geo,True,check_geo_requests_1minrate,check_geo_requests_1minrate
302,App Ops,S2,Geo,True,geo-service-health,geo-service-health
321,App Ops,S2,Planet,True,Current Users,Current Users
322,App Ops,S2,Planet,True,Total Processes,Total Processes
323,App Ops,S2,Planet,True,check_apphealth,check_apphealth
324,App Ops,S2,Planet,True,check_disk_used,check_disk_used
325,App Ops,S2,Planet,True,check_disk_used_clone,check_disk_used_clone
326,App Ops,S2,Planet,True,check_lbstatus,check_lbstatus
327,App Ops,S2,Planet,True,check_sysmemory_usage,check_sysmemory_usage
328,App Ops,S2,Planet,True,check_sysmemory_usage_clone,check_sysmemory_usage_clone
